<?xml version="1.0" encoding="UTF-8" standalone="yes"?>
<addon id="plugin.Livetv.tn"
       name="Livetv.tn"
       version="1.0"
       provider-name="LiveTv">
  <requires>
    <import addon="xbmc.python" version="2.1.0"/>
    <import addon="script.module.beautifulsoup" version="3.2.1"/>
    <import addon="script.module.simple.downloader" version="0.9.4"/>
    <import addon="script.module.simplejson" />
  </requires>
  <extension point="xbmc.python.pluginsource" library="default.py">
    <provides>video</provides>
  </extension>
  <extension point="xbmc.addon.metadata">
    <summary>Livetv.tn</summary>
    <description>
     official livetv.tn xbmc plugin
    </description>
    <platform>all</platform>
  </extension>
</addon>
